method	output_type	use_cell_type	no_scale	env	resources	cpu_env	do_not_expand
unintegrated	full,embed,knn	false	false	rapids_singlecell	gpu	scanpy	
bbknn	knn	false	false	bbknn	gpu		
combat	full	false	false	scanpy	cpu		
harmony_pytorch	embed	false	false	rapids_singlecell	gpu	scanpy	
harmonypy	embed	false	false	rapids_singlecell	gpu	scanpy	
scanorama	embed,full	false	false	scanorama	cpu		
seurat_rpca	embed	false	false	seurat	cpu		
scanvi	embed	true	true	scvi-tools	gpu		
scvi	embed	false	true	scvi-tools	gpu		
scvi_vitkl	embed	false	true	scvi-vitkl	gpu		
drvi	embed	false	true	scvi-tools	gpu		
scpoli	embed	true	false	scarches	gpu	scarches	conditions,unknown_ct_names,labeled_indices,hidden_layer_sizes
scgen	embed,full	true	false	scarches	gpu	scarches	hidden_layer_sizes
sysvi	embed	false	true	scvi-tools	gpu		